SET SQL_MODE = "NO_AUTO_VALUE_ON_ZERO";
SET time_zone = "+00:00";


/*!40101 SET @OLD_CHARACTER_SET_CLIENT=@@CHARACTER_SET_CLIENT */;
/*!40101 SET @OLD_CHARACTER_SET_RESULTS=@@CHARACTER_SET_RESULTS */;
/*!40101 SET @OLD_COLLATION_CONNECTION=@@COLLATION_CONNECTION */;
/*!40101 SET NAMES utf8 */;
--
-- Database: `aviaredeem`
--




CREATE TABLE `access_control` (
  `id` int(11) NOT NULL AUTO_INCREMENT,
  `user_level_id` int(11) DEFAULT NULL,
  `module_id` int(11) DEFAULT NULL,
  `content` text,
  `user_modified` int(11) DEFAULT NULL,
  `created_at` timestamp NULL DEFAULT NULL,
  `updated_at` timestamp NULL DEFAULT NULL,
  PRIMARY KEY (`id`)
) ENGINE=MyISAM AUTO_INCREMENT=10 DEFAULT CHARSET=latin1;


INSERT INTO access_control VALUES
("1","1","1","a","1","2018-10-10 09:28:44","2018-10-10 09:28:44"),
("2","1","2","a","1","2018-10-10 09:28:44","2018-10-10 09:28:44"),
("3","1","3","a","1","2018-10-10 09:28:44","2018-10-10 09:28:44"),
("4","2","1","a","1","2018-10-10 09:28:49","2018-10-10 09:28:49"),
("5","2","2","a","1","2018-10-10 09:28:49","2018-10-10 09:28:49"),
("6","2","3","a","1","2018-10-10 09:28:49","2018-10-10 09:28:49"),
("7","3","1","v","1","2018-10-10 09:28:54","2018-10-10 09:28:54"),
("8","3","2","v","1","2018-10-10 09:28:54","2018-10-10 09:28:54"),
("9","3","3","v","1","2018-10-10 09:28:54","2018-10-10 09:28:54");




CREATE TABLE `campaign_d_bagi` (
  `id` int(11) NOT NULL AUTO_INCREMENT,
  `id_campaign` int(11) DEFAULT NULL,
  `kode_agen` varchar(30) DEFAULT NULL,
  `id_campaign_d_hadiah` int(11) DEFAULT NULL,
  `created_at` timestamp NULL DEFAULT NULL,
  `updated_at` timestamp NULL DEFAULT NULL,
  `user_modified` varchar(30) DEFAULT NULL,
  PRIMARY KEY (`id`)
) ENGINE=MyISAM AUTO_INCREMENT=783 DEFAULT CHARSET=latin1;


INSERT INTO campaign_d_bagi VALUES
("598","1","32A11040269","31","2019-03-11 08:32:01","2019-03-11 08:32:01","natalia"),
("597","1","32A06050262","31","2019-03-11 08:32:01","2019-03-11 08:32:01","natalia"),
("596","1","32A04060259","31","2019-03-11 08:32:01","2019-03-11 08:32:01","natalia"),
("595","1","29A01020005","32","2019-03-11 08:32:01","2019-03-11 08:32:01","natalia"),
("594","1","27A02010011","32","2019-03-11 08:32:01","2019-03-11 08:32:01","natalia"),
("593","1","27A01080008","31","2019-03-11 08:32:01","2019-03-11 08:32:01","natalia"),
("592","1","27A01060010","31","2019-03-11 08:32:01","2019-03-11 08:32:01","natalia"),
("591","1","27A01060009","31","2019-03-11 08:32:01","2019-03-11 08:32:01","natalia"),
("590","1","27A01060006","31","2019-03-11 08:32:01","2019-03-11 08:32:01","natalia"),
("589","1","26A02020009","32","2019-03-11 08:32:01","2019-03-11 08:32:01","natalia"),
("588","1","26A02020008","32","2019-03-11 08:32:01","2019-03-11 08:32:01","natalia"),
("587","1","25A01010002","32","2019-03-11 08:32:01","2019-03-11 08:32:01","natalia"),
("586","1","24A01010003","31","2019-03-11 08:32:01","2019-03-11 08:32:01","natalia"),
("585","1","24A01010002","31","2019-03-11 08:32:01","2019-03-11 08:32:01","natalia"),
("584","1","23A01010002","31","2019-03-11 08:32:01","2019-03-11 08:32:01","natalia"),
("583","1","22A02010002","31","2019-03-11 08:32:01","2019-03-11 08:32:01","natalia"),
("582","1","20A01010001","31","2019-03-11 08:32:01","2019-03-11 08:32:01","natalia"),
("581","1","19A14010001","31","2019-03-11 08:32:01","2019-03-11 08:32:01","natalia"),
("580","1","18B01010001","31","2019-03-11 08:32:01","2019-03-11 08:32:01","natalia"),
("579","1","18A01010001","31","2019-03-11 08:32:01","2019-03-11 08:32:01","natalia"),
("578","1","17A01030007","31","2019-03-11 08:32:01","2019-03-11 08:32:01","natalia"),
("577","1","17A01030005","31","2019-03-11 08:32:01","2019-03-11 08:32:01","natalia"),
("576","1","16H02010001","31","2019-03-11 08:32:01","2019-03-11 08:32:01","natalia"),
("575","1","16H01040001","31","2019-03-11 08:32:01","2019-03-11 08:32:01","natalia"),
("574","1","16G02010001","31","2019-03-11 08:32:01","2019-03-11 08:32:01","natalia"),
("573","1","16G01030001","31","2019-03-11 08:32:01","2019-03-11 08:32:01","natalia"),
("572","1","16F01010003","31","2019-03-11 08:32:00","2019-03-11 08:32:00","natalia"),
("571","1","16D02040005","31","2019-03-11 08:32:00","2019-03-11 08:32:00","natalia"),
("570","1","16C02070012","31","2019-03-11 08:32:00","2019-03-11 08:32:00","natalia"),
("569","1","16C02030006","31","2019-03-11 08:32:00","2019-03-11 08:32:00","natalia"),
("568","1","15A01010001","31","2019-03-11 08:32:00","2019-03-11 08:32:00","natalia"),
("567","1","14F01020002","31","2019-03-11 08:32:00","2019-03-11 08:32:00","natalia"),
("566","1","14B02010003","31","2019-03-11 08:32:00","2019-03-11 08:32:00","natalia"),
("565","1","13I01010002","31","2019-03-11 08:32:00","2019-03-11 08:32:00","natalia"),
("564","1","11B02010011","31","2019-03-11 08:32:00","2019-03-11 08:32:00","natalia"),
("563","1","11B02010006","31","2019-03-11 08:32:00","2019-03-11 08:32:00","natalia"),
("562","1","11B02010002","31","2019-03-11 08:32:00","2019-03-11 08:32:00","natalia"),
("561","1","10A02010003","31","2019-03-11 08:32:00","2019-03-11 08:32:00","natalia"),
("560","1","10A01010001","31","2019-03-11 08:32:00","2019-03-11 08:32:00","natalia"),
("559","1","08A01010002","31","2019-03-11 08:32:00","2019-03-11 08:32:00","natalia"),
("558","1","07A01010002","31","2019-03-11 08:32:00","2019-03-11 08:32:00","natalia"),
("557","1","06A01010002","31","2019-03-11 08:32:00","2019-03-11 08:32:00","natalia"),
("556","1","05A01010002","32","2019-03-11 08:32:00","2019-03-11 08:32:00","natalia"),
("555","1","03A01010002","31","2019-03-11 08:32:00","2019-03-11 08:32:00","natalia"),
("554","1","02A02010003","31","2019-03-11 08:32:00","2019-03-11 08:32:00","natalia"),
("553","1","02A01010001","31","2019-03-11 08:32:00","2019-03-11 08:32:00","natalia"),
("644","2","32A11040269","34","2019-03-11 08:36:20","2019-03-11 08:36:20","natalia"),
("643","2","32A06050262","34","2019-03-11 08:36:20","2019-03-11 08:36:20","natalia"),
("642","2","32A04060259","34","2019-03-11 08:36:20","2019-03-11 08:36:20","natalia"),
("641","2","29A01020005","35","2019-03-11 08:36:20","2019-03-11 08:36:20","natalia"),
("640","2","27A02010011","35","2019-03-11 08:36:20","2019-03-11 08:36:20","natalia"),
("639","2","27A01080008","34","2019-03-11 08:36:20","2019-03-11 08:36:20","natalia"),
("638","2","27A01060010","34","2019-03-11 08:36:20","2019-03-11 08:36:20","natalia"),
("637","2","27A01060009","34","2019-03-11 08:36:20","2019-03-11 08:36:20","natalia"),
("636","2","27A01060006","34","2019-03-11 08:36:20","2019-03-11 08:36:20","natalia"),
("635","2","26A02020009","35","2019-03-11 08:36:20","2019-03-11 08:36:20","natalia"),
("634","2","26A02020008","35","2019-03-11 08:36:20","2019-03-11 08:36:20","natalia"),
("633","2","25A01010002","35","2019-03-11 08:36:20","2019-03-11 08:36:20","natalia"),
("632","2","24A01010003","34","2019-03-11 08:36:20","2019-03-11 08:36:20","natalia"),
("631","2","24A01010002","34","2019-03-11 08:36:20","2019-03-11 08:36:20","natalia"),
("630","2","23A01010002","34","2019-03-11 08:36:20","2019-03-11 08:36:20","natalia"),
("629","2","22A02010002","34","2019-03-11 08:36:20","2019-03-11 08:36:20","natalia"),
("628","2","20A01010001","34","2019-03-11 08:36:20","2019-03-11 08:36:20","natalia"),
("627","2","19A14010001","34","2019-03-11 08:36:20","2019-03-11 08:36:20","natalia"),
("626","2","18B01010001","34","2019-03-11 08:36:20","2019-03-11 08:36:20","natalia"),
("625","2","18A01010001","34","2019-03-11 08:36:20","2019-03-11 08:36:20","natalia"),
("624","2","17A01030007","34","2019-03-11 08:36:20","2019-03-11 08:36:20","natalia"),
("623","2","17A01030005","34","2019-03-11 08:36:20","2019-03-11 08:36:20","natalia"),
("622","2","16H02010001","34","2019-03-11 08:36:20","2019-03-11 08:36:20","natalia"),
("621","2","16H01040001","34","2019-03-11 08:36:20","2019-03-11 08:36:20","natalia"),
("620","2","16G02010001","34","2019-03-11 08:36:20","2019-03-11 08:36:20","natalia"),
("619","2","16G01030001","34","2019-03-11 08:36:20","2019-03-11 08:36:20","natalia"),
("618","2","16F01010003","34","2019-03-11 08:36:20","2019-03-11 08:36:20","natalia"),
("617","2","16D02040005","34","2019-03-11 08:36:20","2019-03-11 08:36:20","natalia"),
("616","2","16C02070012","34","2019-03-11 08:36:20","2019-03-11 08:36:20","natalia"),
("615","2","16C02030006","34","2019-03-11 08:36:20","2019-03-11 08:36:20","natalia"),
("614","2","15A01010001","34","2019-03-11 08:36:20","2019-03-11 08:36:20","natalia"),
("613","2","14F01020002","34","2019-03-11 08:36:20","2019-03-11 08:36:20","natalia"),
("612","2","14B02010003","34","2019-03-11 08:36:20","2019-03-11 08:36:20","natalia"),
("611","2","13I01010002","34","2019-03-11 08:36:20","2019-03-11 08:36:20","natalia"),
("610","2","11B02010011","34","2019-03-11 08:36:20","2019-03-11 08:36:20","natalia"),
("609","2","11B02010006","34","2019-03-11 08:36:20","2019-03-11 08:36:20","natalia"),
("608","2","11B02010002","34","2019-03-11 08:36:20","2019-03-11 08:36:20","natalia"),
("607","2","10A02010003","34","2019-03-11 08:36:20","2019-03-11 08:36:20","natalia"),
("606","2","10A01010001","34","2019-03-11 08:36:20","2019-03-11 08:36:20","natalia"),
("605","2","08A01010002","34","2019-03-11 08:36:20","2019-03-11 08:36:20","natalia"),
("604","2","07A01010002","34","2019-03-11 08:36:20","2019-03-11 08:36:20","natalia"),
("603","2","06A01010002","34","2019-03-11 08:36:20","2019-03-11 08:36:20","natalia"),
("602","2","05A01010002","35","2019-03-11 08:36:20","2019-03-11 08:36:20","natalia"),
("601","2","03A01010002","34","2019-03-11 08:36:20","2019-03-11 08:36:20","natalia"),
("600","2","02A02010003","34","2019-03-11 08:36:20","2019-03-11 08:36:20","natalia"),
("599","2","02A01010001","34","2019-03-11 08:36:20","2019-03-11 08:36:20","natalia"),
("690","4","32A11040269","37","2019-03-11 08:52:29","2019-03-11 08:52:29","natalia"),
("689","4","32A06050262","37","2019-03-11 08:52:29","2019-03-11 08:52:29","natalia"),
("688","4","32A04060259","37","2019-03-11 08:52:29","2019-03-11 08:52:29","natalia"),
("687","4","29A01020005","38","2019-03-11 08:52:29","2019-03-11 08:52:29","natalia"),
("686","4","27A02010011","38","2019-03-11 08:52:29","2019-03-11 08:52:29","natalia"),
("685","4","27A01080008","37","2019-03-11 08:52:29","2019-03-11 08:52:29","natalia"),
("684","4","27A01060010","37","2019-03-11 08:52:29","2019-03-11 08:52:29","natalia"),
("683","4","27A01060009","37","2019-03-11 08:52:29","2019-03-11 08:52:29","natalia");
INSERT INTO campaign_d_bagi VALUES
("682","4","27A01060006","37","2019-03-11 08:52:29","2019-03-11 08:52:29","natalia"),
("681","4","26A02020009","38","2019-03-11 08:52:29","2019-03-11 08:52:29","natalia"),
("680","4","26A02020008","38","2019-03-11 08:52:29","2019-03-11 08:52:29","natalia"),
("679","4","25A01010002","38","2019-03-11 08:52:29","2019-03-11 08:52:29","natalia"),
("678","4","24A01010003","37","2019-03-11 08:52:29","2019-03-11 08:52:29","natalia"),
("677","4","24A01010002","37","2019-03-11 08:52:29","2019-03-11 08:52:29","natalia"),
("676","4","23A01010002","37","2019-03-11 08:52:29","2019-03-11 08:52:29","natalia"),
("675","4","22A02010002","37","2019-03-11 08:52:29","2019-03-11 08:52:29","natalia"),
("674","4","20A01010001","37","2019-03-11 08:52:29","2019-03-11 08:52:29","natalia"),
("673","4","19A14010001","37","2019-03-11 08:52:29","2019-03-11 08:52:29","natalia"),
("672","4","18B01010001","37","2019-03-11 08:52:29","2019-03-11 08:52:29","natalia"),
("671","4","18A01010001","37","2019-03-11 08:52:29","2019-03-11 08:52:29","natalia"),
("670","4","17A01030007","37","2019-03-11 08:52:29","2019-03-11 08:52:29","natalia"),
("669","4","17A01030005","37","2019-03-11 08:52:29","2019-03-11 08:52:29","natalia"),
("668","4","16H02010001","37","2019-03-11 08:52:29","2019-03-11 08:52:29","natalia"),
("667","4","16H01040001","37","2019-03-11 08:52:29","2019-03-11 08:52:29","natalia"),
("666","4","16G02010001","37","2019-03-11 08:52:29","2019-03-11 08:52:29","natalia"),
("665","4","16G01030001","37","2019-03-11 08:52:29","2019-03-11 08:52:29","natalia"),
("664","4","16F01010003","37","2019-03-11 08:52:29","2019-03-11 08:52:29","natalia"),
("663","4","16D02040005","37","2019-03-11 08:52:29","2019-03-11 08:52:29","natalia"),
("662","4","16C02070012","37","2019-03-11 08:52:29","2019-03-11 08:52:29","natalia"),
("661","4","16C02030006","37","2019-03-11 08:52:29","2019-03-11 08:52:29","natalia"),
("660","4","15A01010001","37","2019-03-11 08:52:29","2019-03-11 08:52:29","natalia"),
("659","4","14F01020002","37","2019-03-11 08:52:29","2019-03-11 08:52:29","natalia"),
("658","4","14B02010003","37","2019-03-11 08:52:29","2019-03-11 08:52:29","natalia"),
("657","4","13I01010002","37","2019-03-11 08:52:29","2019-03-11 08:52:29","natalia"),
("656","4","11B02010011","37","2019-03-11 08:52:29","2019-03-11 08:52:29","natalia"),
("655","4","11B02010006","37","2019-03-11 08:52:29","2019-03-11 08:52:29","natalia"),
("654","4","11B02010002","37","2019-03-11 08:52:29","2019-03-11 08:52:29","natalia"),
("653","4","10A02010003","37","2019-03-11 08:52:29","2019-03-11 08:52:29","natalia"),
("652","4","10A01010001","37","2019-03-11 08:52:29","2019-03-11 08:52:29","natalia"),
("651","4","08A01010002","37","2019-03-11 08:52:29","2019-03-11 08:52:29","natalia"),
("650","4","07A01010002","37","2019-03-11 08:52:29","2019-03-11 08:52:29","natalia"),
("649","4","06A01010002","37","2019-03-11 08:52:29","2019-03-11 08:52:29","natalia"),
("648","4","05A01010002","38","2019-03-11 08:52:29","2019-03-11 08:52:29","natalia"),
("647","4","03A01010002","37","2019-03-11 08:52:29","2019-03-11 08:52:29","natalia"),
("646","4","02A02010003","37","2019-03-11 08:52:29","2019-03-11 08:52:29","natalia"),
("645","4","02A01010001","37","2019-03-11 08:52:29","2019-03-11 08:52:29","natalia"),
("736","5","32A11040269","40","2019-03-11 08:56:07","2019-03-11 08:56:07","natalia"),
("735","5","32A06050262","40","2019-03-11 08:56:07","2019-03-11 08:56:07","natalia"),
("734","5","32A04060259","40","2019-03-11 08:56:07","2019-03-11 08:56:07","natalia"),
("733","5","29A01020005","41","2019-03-11 08:56:07","2019-03-11 08:56:07","natalia"),
("732","5","27A02010011","41","2019-03-11 08:56:07","2019-03-11 08:56:07","natalia"),
("731","5","27A01080008","40","2019-03-11 08:56:07","2019-03-11 08:56:07","natalia"),
("730","5","27A01060010","40","2019-03-11 08:56:07","2019-03-11 08:56:07","natalia"),
("729","5","27A01060009","40","2019-03-11 08:56:07","2019-03-11 08:56:07","natalia"),
("728","5","27A01060006","40","2019-03-11 08:56:07","2019-03-11 08:56:07","natalia"),
("727","5","26A02020009","41","2019-03-11 08:56:07","2019-03-11 08:56:07","natalia"),
("726","5","26A02020008","41","2019-03-11 08:56:07","2019-03-11 08:56:07","natalia"),
("725","5","25A01010002","41","2019-03-11 08:56:07","2019-03-11 08:56:07","natalia"),
("724","5","24A01010003","40","2019-03-11 08:56:07","2019-03-11 08:56:07","natalia"),
("723","5","24A01010002","40","2019-03-11 08:56:07","2019-03-11 08:56:07","natalia"),
("722","5","23A01010002","40","2019-03-11 08:56:07","2019-03-11 08:56:07","natalia"),
("721","5","22A02010002","40","2019-03-11 08:56:07","2019-03-11 08:56:07","natalia"),
("720","5","20A01010001","40","2019-03-11 08:56:07","2019-03-11 08:56:07","natalia"),
("719","5","19A14010001","40","2019-03-11 08:56:07","2019-03-11 08:56:07","natalia"),
("718","5","18B01010001","40","2019-03-11 08:56:07","2019-03-11 08:56:07","natalia"),
("717","5","18A01010001","40","2019-03-11 08:56:07","2019-03-11 08:56:07","natalia"),
("716","5","17A01030007","40","2019-03-11 08:56:07","2019-03-11 08:56:07","natalia"),
("715","5","17A01030005","40","2019-03-11 08:56:07","2019-03-11 08:56:07","natalia"),
("714","5","16H02010001","40","2019-03-11 08:56:07","2019-03-11 08:56:07","natalia"),
("713","5","16H01040001","40","2019-03-11 08:56:07","2019-03-11 08:56:07","natalia"),
("712","5","16G02010001","40","2019-03-11 08:56:07","2019-03-11 08:56:07","natalia"),
("711","5","16G01030001","40","2019-03-11 08:56:07","2019-03-11 08:56:07","natalia"),
("710","5","16F01010003","40","2019-03-11 08:56:07","2019-03-11 08:56:07","natalia"),
("709","5","16D02040005","40","2019-03-11 08:56:07","2019-03-11 08:56:07","natalia"),
("708","5","16C02070012","40","2019-03-11 08:56:07","2019-03-11 08:56:07","natalia"),
("707","5","16C02030006","40","2019-03-11 08:56:07","2019-03-11 08:56:07","natalia"),
("706","5","15A01010001","40","2019-03-11 08:56:07","2019-03-11 08:56:07","natalia"),
("705","5","14F01020002","40","2019-03-11 08:56:07","2019-03-11 08:56:07","natalia"),
("704","5","14B02010003","40","2019-03-11 08:56:07","2019-03-11 08:56:07","natalia"),
("703","5","13I01010002","40","2019-03-11 08:56:07","2019-03-11 08:56:07","natalia"),
("702","5","11B02010011","40","2019-03-11 08:56:07","2019-03-11 08:56:07","natalia"),
("701","5","11B02010006","40","2019-03-11 08:56:07","2019-03-11 08:56:07","natalia"),
("700","5","11B02010002","40","2019-03-11 08:56:07","2019-03-11 08:56:07","natalia"),
("699","5","10A02010003","40","2019-03-11 08:56:07","2019-03-11 08:56:07","natalia"),
("698","5","10A01010001","40","2019-03-11 08:56:07","2019-03-11 08:56:07","natalia"),
("697","5","08A01010002","40","2019-03-11 08:56:07","2019-03-11 08:56:07","natalia"),
("696","5","07A01010002","40","2019-03-11 08:56:07","2019-03-11 08:56:07","natalia"),
("695","5","06A01010002","40","2019-03-11 08:56:07","2019-03-11 08:56:07","natalia"),
("694","5","05A01010002","41","2019-03-11 08:56:07","2019-03-11 08:56:07","natalia"),
("693","5","03A01010002","40","2019-03-11 08:56:07","2019-03-11 08:56:07","natalia"),
("692","5","02A02010003","40","2019-03-11 08:56:07","2019-03-11 08:56:07","natalia"),
("691","5","02A01010001","40","2019-03-11 08:56:07","2019-03-11 08:56:07","natalia"),
("737","6","02A01010001","43","2019-03-11 09:05:58","2019-03-11 09:05:58","natalia"),
("738","6","02A02010003","43","2019-03-11 09:05:58","2019-03-11 09:05:58","natalia"),
("739","6","03A01010002","43","2019-03-11 09:05:58","2019-03-11 09:05:58","natalia"),
("740","6","05A01010002","44","2019-03-11 09:05:58","2019-03-11 09:05:58","natalia"),
("741","6","06A01010002","43","2019-03-11 09:05:58","2019-03-11 09:05:58","natalia"),
("742","6","07A01010002","43","2019-03-11 09:05:58","2019-03-11 09:05:58","natalia"),
("743","6","08A01010002","43","2019-03-11 09:05:58","2019-03-11 09:05:58","natalia"),
("744","6","10A01010001","43","2019-03-11 09:05:58","2019-03-11 09:05:58","natalia"),
("745","6","10A02010003","43","2019-03-11 09:05:58","2019-03-11 09:05:58","natalia"),
("746","6","11B02010002","43","2019-03-11 09:05:58","2019-03-11 09:05:58","natalia"),
("747","6","11B02010006","43","2019-03-11 09:05:58","2019-03-11 09:05:58","natalia"),
("748","6","11B02010011","43","2019-03-11 09:05:58","2019-03-11 09:05:58","natalia"),
("749","6","13I01010002","43","2019-03-11 09:05:58","2019-03-11 09:05:58","natalia"),
("750","6","14B02010003","43","2019-03-11 09:05:58","2019-03-11 09:05:58","natalia"),
("751","6","14F01020002","43","2019-03-11 09:05:58","2019-03-11 09:05:58","natalia"),
("752","6","15A01010001","43","2019-03-11 09:05:58","2019-03-11 09:05:58","natalia");
INSERT INTO campaign_d_bagi VALUES
("753","6","16C02030006","43","2019-03-11 09:05:58","2019-03-11 09:05:58","natalia"),
("754","6","16C02070012","43","2019-03-11 09:05:58","2019-03-11 09:05:58","natalia"),
("755","6","16D02040005","43","2019-03-11 09:05:58","2019-03-11 09:05:58","natalia"),
("756","6","16F01010003","43","2019-03-11 09:05:58","2019-03-11 09:05:58","natalia"),
("757","6","16G01030001","43","2019-03-11 09:05:58","2019-03-11 09:05:58","natalia"),
("758","6","16G02010001","43","2019-03-11 09:05:58","2019-03-11 09:05:58","natalia"),
("759","6","16H01040001","43","2019-03-11 09:05:58","2019-03-11 09:05:58","natalia"),
("760","6","16H02010001","43","2019-03-11 09:05:58","2019-03-11 09:05:58","natalia"),
("761","6","17A01030005","43","2019-03-11 09:05:58","2019-03-11 09:05:58","natalia"),
("762","6","17A01030007","43","2019-03-11 09:05:58","2019-03-11 09:05:58","natalia"),
("763","6","18A01010001","43","2019-03-11 09:05:58","2019-03-11 09:05:58","natalia"),
("764","6","18B01010001","43","2019-03-11 09:05:58","2019-03-11 09:05:58","natalia"),
("765","6","19A14010001","43","2019-03-11 09:05:58","2019-03-11 09:05:58","natalia"),
("766","6","20A01010001","43","2019-03-11 09:05:58","2019-03-11 09:05:58","natalia"),
("767","6","22A02010002","43","2019-03-11 09:05:58","2019-03-11 09:05:58","natalia"),
("768","6","23A01010002","43","2019-03-11 09:05:58","2019-03-11 09:05:58","natalia"),
("769","6","24A01010002","43","2019-03-11 09:05:58","2019-03-11 09:05:58","natalia"),
("770","6","24A01010003","43","2019-03-11 09:05:58","2019-03-11 09:05:58","natalia"),
("771","6","25A01010002","44","2019-03-11 09:05:58","2019-03-11 09:05:58","natalia"),
("772","6","26A02020008","44","2019-03-11 09:05:58","2019-03-11 09:05:58","natalia"),
("773","6","26A02020009","44","2019-03-11 09:05:58","2019-03-11 09:05:58","natalia"),
("774","6","27A01060006","43","2019-03-11 09:05:58","2019-03-11 09:05:58","natalia"),
("775","6","27A01060009","43","2019-03-11 09:05:58","2019-03-11 09:05:58","natalia"),
("776","6","27A01060010","43","2019-03-11 09:05:58","2019-03-11 09:05:58","natalia"),
("777","6","27A01080008","43","2019-03-11 09:05:58","2019-03-11 09:05:58","natalia"),
("778","6","27A02010011","44","2019-03-11 09:05:58","2019-03-11 09:05:58","natalia"),
("779","6","29A01020005","44","2019-03-11 09:05:58","2019-03-11 09:05:58","natalia"),
("780","6","32A04060259","43","2019-03-11 09:05:58","2019-03-11 09:05:58","natalia"),
("781","6","32A06050262","43","2019-03-11 09:05:58","2019-03-11 09:05:58","natalia"),
("782","6","32A11040269","43","2019-03-11 09:05:58","2019-03-11 09:05:58","natalia");




CREATE TABLE `campaign_d_emas` (
  `id` int(11) NOT NULL AUTO_INCREMENT,
  `id_campaign` int(11) DEFAULT NULL,
  `kode_catalogue` varchar(30) DEFAULT NULL,
  `kode_hadiah` varchar(30) DEFAULT NULL,
  `nama_hadiah` varchar(100) DEFAULT NULL,
  `jumlah` int(11) DEFAULT NULL,
  `harga` bigint(20) unsigned DEFAULT NULL,
  `satuan` varchar(10) DEFAULT NULL,
  `created_at` timestamp NULL DEFAULT NULL,
  `updated_at` timestamp NULL DEFAULT NULL,
  `user_modified` varchar(30) DEFAULT NULL,
  PRIMARY KEY (`id`)
) ENGINE=MyISAM AUTO_INCREMENT=34 DEFAULT CHARSET=latin1;


INSERT INTO campaign_d_emas VALUES
("18","1","20B/AA/2018/003","HEMAS100","Emas Murni 100 Gr","100","135000","BH","2019-03-11 08:33:41","2019-03-11 08:33:41","natalia"),
("17","1","20B/AA/2018/002","HEMAS5","Emas Murni 5 Gr","5","6750","BH","2019-03-11 08:33:41","2019-03-11 08:33:41","natalia"),
("16","1","20B/AA/2018/001","HEMAS1","Emas Murni 1 Gr","1","1350","BH","2019-03-11 08:33:41","2019-03-11 08:33:41","natalia"),
("24","2","2018/AA/020D/003","HEMAS100","Emas Murni 100 Gr","100","410000000","BH","2019-03-11 08:43:08","2019-03-11 08:43:08","natalia"),
("27","4","2018/AA/020H/ND/003","HEMAS100","Emas Murni 100 Gr","100","600000000","BH","2019-03-11 08:53:41","2019-03-11 08:53:41","natalia"),
("30","5","2018/AA/020E/003","HEMAS100","Emas Murni 100 Gr","100","530000000","BH","2019-03-11 08:57:24","2019-03-11 08:57:24","natalia"),
("29","5","2018/AA/020E/002","HEMAS5","Emas Murni 5 Gr","5","26500000","BH","2019-03-11 08:57:24","2019-03-11 08:57:24","natalia"),
("28","5","2018/AA/020E/001","HEMAS1","Emas Murni 1 Gr","1","5300000","BH","2019-03-11 08:57:24","2019-03-11 08:57:24","natalia"),
("26","4","2018/AA/020H/ND/002","HEMAS5","Emas Murni 5 Gr","5","30000000","BH","2019-03-11 08:53:41","2019-03-11 08:53:41","natalia"),
("25","4","2018/AA/020H/ND/001","HEMAS1","Emas Murni 1 Gr","1","6000000","BH","2019-03-11 08:53:41","2019-03-11 08:53:41","natalia"),
("23","2","2018/AA/020D/002","HEMAS5","Emas Murni 5 Gr","5","20500000","BH","2019-03-11 08:43:08","2019-03-11 08:43:08","natalia"),
("22","2","2018/AA/020D/001","HEMAS1","Emas Murni 1 Gr","1","4100000","BH","2019-03-11 08:43:08","2019-03-11 08:43:08","natalia"),
("31","6","2018/AA/020H/LEN/001","HEMAS1","Emas Murni 1 Gr","1","6000000","BH","2019-03-11 09:06:55","2019-03-11 09:06:55","natalia"),
("32","6","2018/AA/020H/LEN/002","HEMAS5","Emas Murni 5 Gr","5","30000000","BH","2019-03-11 09:06:55","2019-03-11 09:06:55","natalia"),
("33","6","2018/AA/020H/LEN/003","HEMAS100","Emas Murni 100 Gr","100","600000000","BH","2019-03-11 09:06:55","2019-03-11 09:06:55","natalia");




CREATE TABLE `campaign_d_hadiah` (
  `id` int(11) NOT NULL AUTO_INCREMENT,
  `id_campaign` int(11) DEFAULT NULL,
  `kode_catalogue` varchar(30) DEFAULT NULL,
  `kode_hadiah` varchar(30) DEFAULT NULL,
  `nama_hadiah` varchar(100) DEFAULT NULL,
  `jumlah` int(11) DEFAULT NULL,
  `harga` bigint(20) unsigned DEFAULT NULL,
  `pilihan` int(1) DEFAULT NULL,
  `emas` int(1) DEFAULT NULL,
  `satuan` varchar(10) DEFAULT NULL,
  `created_at` timestamp NULL DEFAULT NULL,
  `updated_at` timestamp NULL DEFAULT NULL,
  `user_modified` varchar(30) DEFAULT NULL,
  PRIMARY KEY (`id`)
) ENGINE=MyISAM AUTO_INCREMENT=45 DEFAULT CHARSET=latin1;


INSERT INTO campaign_d_hadiah VALUES
("43","6","2018/AA/020H/LEN/005","HVINDO50","Voucher Indomart 50.000","2","1500000","1","0","BH","2019-03-11 09:05:35","2019-03-11 09:05:35","natalia"),
("31","1","020B/AA/2018/005","HVINDO50","Voucher Indomart 50.000","2","250","1","0","BH","2019-03-11 08:30:45","2019-03-11 08:30:45","natalia"),
("32","1","020B/AA/2018/007","HROLCOV","Rol Cover","4","250","1","0","BH","2019-03-11 08:30:45","2019-03-11 08:30:45","natalia"),
("30","1","020B/AA/2018/001","HEMAS1","Emas Murni 1 Gr","1","1350","0","1","BH","2019-03-11 08:30:45","2019-03-11 08:30:45","natalia"),
("33","2","2018/AA/020D/001","HEMAS1","Emas Murni 1 Gr","1","4100000","0","1","BH","2019-03-11 08:35:45","2019-03-11 08:35:45","natalia"),
("34","2","2018/AA/020D/005","HVINDO50","Voucher Indomart 50rb","1","500000","1","0","BH","2019-03-11 08:35:45","2019-03-11 08:35:45","natalia"),
("35","2","2018/AA/020D/007","HROLCOV","Rol Cover","2","500000","1","0","BH","2019-03-11 08:35:45","2019-03-11 08:35:45","natalia"),
("17","3","2018/AA/20F/001","HPAYTERAVI","1 Bj Payung Terbalik","1","1000000","0","0","BH","2019-03-04 16:42:51","2019-03-04 16:42:51","natalia"),
("38","4","2018/AA/020H/ND/007","HROLCOV","Rol Cover","4","1500000","1","0","BH","2019-03-11 08:52:05","2019-03-11 08:52:05","natalia"),
("37","4","2018/AA/020H/ND/005","HVINDO50","Voucher Indomart 50.000","2","1500000","1","0","BH","2019-03-11 08:52:05","2019-03-11 08:52:05","natalia"),
("36","4","2018/AA/020H/ND/001","HEMAS1","Koin Emas Murni 1 Gram","1","6000000","0","1","BH","2019-03-11 08:52:05","2019-03-11 08:52:05","natalia"),
("39","5","2018/AA/020E/001","HEMAS1","Koin Emas Murni 1 Gram","1","5300000","0","1","BH","2019-03-11 08:55:46","2019-03-11 08:55:46","natalia"),
("40","5","2018/AA/020E/005","HVINDO50","Voucher Indomart 50rb","1","530000","1","0","BH","2019-03-11 08:55:46","2019-03-11 08:55:46","natalia"),
("41","5","2018/AA/020E/007","HROLCOV","Rol Cover","2","530000","1","0","BH","2019-03-11 08:55:46","2019-03-11 08:55:46","natalia"),
("42","6","2018/AA/020H/LEN/001","HEMAS1","Emas Murni 1 Gr","1","6000000","0","1","BH","2019-03-11 09:05:35","2019-03-11 09:05:35","natalia"),
("44","6","2018/AA/020H/LEN/007","HROLCOV","Rol Cover","4","1500000","1","0","BH","2019-03-11 09:05:35","2019-03-11 09:05:35","natalia");




CREATE TABLE `campaign_h` (
  `id` int(11) NOT NULL AUTO_INCREMENT,
  `kode_campaign` varchar(50) DEFAULT NULL,
  `nama_campaign` varchar(100) DEFAULT NULL,
  `jenis` enum('poin','omzet') DEFAULT NULL,
  `category` enum('CAT','PIPA') NOT NULL,
  `TPP` int(1) DEFAULT NULL,
  `brosur` text,
  `active` int(1) DEFAULT NULL,
  `created_at` timestamp NULL DEFAULT NULL,
  `updated_at` timestamp NULL DEFAULT NULL,
  `user_modified` varchar(30) DEFAULT NULL,
  PRIMARY KEY (`id`)
) ENGINE=MyISAM AUTO_INCREMENT=7 DEFAULT CHARSET=latin1;


INSERT INTO campaign_h VALUES
("1","020B/AA/2018","020B,020C,020D/AA/2018","poin","CAT","0",";BROSUR-020BAA2018-0.png;BROSUR-020BAA2018-1.png;BROSUR-020BAA2018-2.png;BROSUR-020BAA2018-3.png","1","2019-03-04 13:05:05","2019-03-11 09:09:47","natalia"),
("2","2018/AA/020D","Campaign No Drop","omzet","CAT","0",";BROSUR-2018AA020D-0.png","1","2019-03-04 16:38:31","2019-03-12 14:28:02","ysa_san"),
("3","2018/AA/20F","Campaign Avitex One Coat","omzet","CAT","0",";BROSUR-2018AA20F-0.png;BROSUR-2018AA20F-1.png;BROSUR-2018AA20F-2.png;BROSUR-2018AA20F-3.png","5","2019-03-04 16:42:51","2019-03-06 11:30:17","ysa_san"),
("4","2018/AA/020H/ND","Promo No Drop Tinting","omzet","CAT","0",";BROSUR-2018AA020HND-0.png","1","2019-03-04 16:49:51","2019-03-12 14:29:57","ysa_san"),
("5","2018/AA/020E","Promo Pipa, Fitting, Talang","omzet","PIPA","0",";BROSUR-2018AA020E-0.png","1","2019-03-05 14:05:05","2019-03-11 09:14:46","natalia"),
("6","2018/AA/020H/LEN","Promo Lenkote Tinting","omzet","CAT","0",";BROSUR-2018AA020HLEN-0.png","1","2019-03-11 09:05:35","2019-03-12 14:30:21","ysa_san");




CREATE TABLE `customer_omzet` (
  `id` int(11) NOT NULL AUTO_INCREMENT,
  `kode_campaign` varchar(50) DEFAULT NULL,
  `kode_customer` varchar(50) DEFAULT NULL,
  `periode_awal` date DEFAULT NULL,
  `periode_akhir` date DEFAULT NULL,
  `omzet_tepat_waktu` decimal(13,2) DEFAULT '0.00',
  `disc_pembelian` decimal(10,5) DEFAULT NULL,
  `disc_penjualan` decimal(10,5) DEFAULT NULL,
  `omzet_netto` decimal(13,2) DEFAULT NULL,
  `poin` int(11) DEFAULT '0',
  `active` int(1) DEFAULT NULL,
  `created_at` timestamp NULL DEFAULT NULL,
  `updated_at` timestamp NULL DEFAULT NULL,
  `user_modified` varchar(30) DEFAULT NULL,
  PRIMARY KEY (`id`)
) ENGINE=MyISAM AUTO_INCREMENT=99 DEFAULT CHARSET=latin1;


INSERT INTO customer_omzet VALUES
("1","2018/AA/020D","02A01010001","2019-03-01","2019-04-30","225308181.97","16.98800","7.50000","251060170.00","0","0","2019-03-12 11:36:19","2019-03-12 11:38:51","adiadi"),
("2","2018/AA/020D","02A01010001","2019-03-01","2019-04-30","225308181.97","16.98800","7.50000","251060170.00","0","1","2019-03-12 11:38:58","2019-03-12 11:38:58","adiadi"),
("3","2018/AA/020D","03A01010002","2019-03-01","2019-04-30","240451230.99","16.98800","7.50000","267934020.00","0","1","2019-03-12 11:40:03","2019-03-12 11:40:03","adiadi"),
("4","2018/AA/020D","08A01010002","2019-03-01","2019-04-30","722552515.09","15.26400","7.50000","788756935.00","0","1","2019-03-12 11:40:03","2019-03-12 11:40:03","adiadi"),
("5","2018/AA/020D","11B02010002","2019-03-01","2019-04-30","2852173209.59","20.12800","7.50000","3303110250.00","0","1","2019-03-12 11:40:03","2019-03-12 11:40:03","adiadi"),
("6","2018/AA/020D","13I01010002","2019-03-01","2019-04-30","553280740.39","18.78300","7.50000","630144779.00","0","1","2019-03-12 11:40:03","2019-03-12 11:40:03","adiadi"),
("7","2018/AA/020D","14B02010003","2019-03-01","2019-04-30","1442560598.01","18.78300","7.50000","1642967055.00","0","1","2019-03-12 11:40:03","2019-03-12 11:40:03","adiadi"),
("8","2018/AA/020D","14F01020002","2019-03-01","2019-04-30","3549938543.14","18.78300","7.50000","4043110620.00","0","1","2019-03-12 11:40:03","2019-03-12 11:40:03","adiadi"),
("9","2018/AA/020D","16C02030006","2019-03-01","2019-04-30","700646226.71","18.78300","7.50000","797982885.00","0","1","2019-03-12 11:40:03","2019-03-12 11:40:03","adiadi"),
("10","2018/AA/020D","16C02070012","2019-03-01","2019-04-30","28850155.78","7.50000","7.50000","28850156.00","0","1","2019-03-12 11:40:03","2019-03-12 11:40:03","adiadi"),
("11","2018/AA/020D","16D02040005","2019-03-01","2019-04-30","1366819897.63","18.78300","7.50000","1556704145.00","0","1","2019-03-12 11:40:03","2019-03-12 11:40:03","adiadi"),
("12","2018/AA/020D","16F01010003","2019-03-01","2019-04-30","11530781950.65","18.78300","7.50000","13132685650.00","0","1","2019-03-12 11:40:03","2019-03-12 11:40:03","adiadi"),
("13","2018/AA/020D","17A01030005","2019-03-01","2019-04-30","4510650212.82","18.78300","7.50000","5137288310.00","0","1","2019-03-12 11:40:03","2019-03-12 11:40:03","adiadi"),
("14","2018/AA/020D","18A01010001","2019-03-01","2019-04-30","1380653923.77","16.98800","7.50000","1538458150.00","0","1","2019-03-12 11:40:03","2019-03-12 11:40:03","adiadi"),
("15","2018/AA/020D","18B01010001","2019-03-01","2019-04-30","401869045.75","20.38800","7.50000","466925674.00","0","1","2019-03-12 11:40:03","2019-03-12 11:40:03","adiadi"),
("16","2018/AA/020D","19A14010001","2019-03-01","2019-04-30","47087407.49","21.28800","7.50000","55335720.00","0","1","2019-03-12 11:40:03","2019-03-12 11:40:03","adiadi"),
("17","2018/AA/020D","20A01010001","2019-03-01","2019-04-30","857593693.47","18.78300","7.50000","976734140.00","0","1","2019-03-12 11:40:03","2019-03-12 11:40:03","adiadi"),
("18","2018/AA/020D","22A02010002","2019-03-01","2019-04-30","615805429.37","16.98800","7.50000","686189975.00","0","1","2019-03-12 11:40:03","2019-03-12 11:40:03","adiadi"),
("19","2018/AA/020D","23A01010002","2019-03-01","2019-04-30","30552073.22","15.26400","7.50000","33351430.00","0","1","2019-03-12 11:40:03","2019-03-12 11:40:03","adiadi"),
("20","2018/AA/020D","24A01010003","2019-03-01","2019-04-30","314783732.72","15.26400","7.50000","343626030.00","0","1","2019-03-12 11:40:03","2019-03-12 11:40:03","adiadi"),
("21","2018/AA/020D","26A02020008","2019-03-01","2019-04-30","271546198.00","16.98800","7.50000","302583040.00","0","1","2019-03-12 11:40:03","2019-03-12 11:40:03","adiadi"),
("22","2018/AA/020D","27A01060006","2019-03-01","2019-04-30","1926371491.29","16.98800","7.50000","2146549450.00","0","1","2019-03-12 11:40:03","2019-03-12 11:40:03","adiadi"),
("23","2018/AA/020D","27A01080008","2019-03-01","2019-04-30","2485284646.32","16.98800","7.50000","2769344550.00","0","1","2019-03-12 11:40:03","2019-03-12 11:40:03","adiadi"),
("24","2018/AA/020H/LEN","13I01010002","2019-03-01","2019-04-30","6384888.02","29.00000","19.06200","7278592.00","0","1","2019-03-12 11:40:03","2019-03-12 11:40:03","adiadi"),
("25","2018/AA/020H/LEN","14F01020002","2019-03-01","2019-04-30","1238240.00","29.00000","19.06200","1411559.00","0","1","2019-03-12 11:40:03","2019-03-12 11:40:03","adiadi"),
("26","2018/AA/020H/LEN","16C02030006","2019-03-01","2019-04-30","1013312.00","29.00000","19.06200","1155147.00","0","1","2019-03-12 11:40:03","2019-03-12 11:40:03","adiadi"),
("27","2018/AA/020H/LEN","16D02040005","2019-03-01","2019-04-30","3099576.00","29.00000","19.06200","3533429.00","0","1","2019-03-12 11:40:03","2019-03-12 11:40:03","adiadi"),
("28","2018/AA/020H/LEN","18A01010001","2019-03-01","2019-04-30","79014907.80","26.70000","19.06200","87248412.00","0","1","2019-03-12 11:40:03","2019-03-12 11:40:03","adiadi"),
("29","2018/AA/020H/LEN","20A01010001","2019-03-01","2019-04-30","1819872.00","29.00000","19.06200","2074603.00","0","1","2019-03-12 11:40:03","2019-03-12 11:40:03","adiadi"),
("30","2018/AA/020H/LEN","22A02010002","2019-03-01","2019-04-30","3088568.80","26.70000","19.06200","3410404.00","0","1","2019-03-12 11:40:03","2019-03-12 11:40:03","adiadi"),
("31","2018/AA/020H/ND","02A01010001","2019-03-01","2019-04-30","7314468.40","21.51100","12.50000","8154213.00","0","1","2019-03-12 11:40:03","2019-03-12 11:40:03","adiadi"),
("32","2018/AA/020H/ND","08A01010002","2019-03-01","2019-04-30","10253063.80","19.86100","12.50000","11194838.00","0","1","2019-03-12 11:40:03","2019-03-12 11:40:03","adiadi"),
("33","2018/AA/020H/ND","13I01010002","2019-03-01","2019-04-30","3510838.00","23.25700","12.50000","4002949.00","0","0","2019-03-12 11:40:03","2019-03-12 11:40:58","adiadi"),
("34","2018/AA/020H/ND","14B02010003","2019-03-01","2019-04-30","19750655.23","23.25700","12.50000","22519088.00","0","0","2019-03-12 11:40:04","2019-03-12 11:40:58","adiadi"),
("35","2018/AA/020H/ND","14F01020002","2019-03-01","2019-04-30","102443693.50","23.25700","12.50000","116803138.00","0","1","2019-03-12 11:40:04","2019-03-12 11:40:04","adiadi"),
("36","2018/AA/020H/ND","16C02030006","2019-03-01","2019-04-30","5681207.52","23.25700","12.50000","6477538.00","0","1","2019-03-12 11:40:04","2019-03-12 11:40:04","adiadi"),
("37","2018/AA/020H/ND","16D02040005","2019-03-01","2019-04-30","10047116.82","23.25700","12.50000","11455413.00","0","1","2019-03-12 11:40:04","2019-03-12 11:40:04","adiadi"),
("38","2018/AA/020H/ND","16F01010003","2019-03-01","2019-04-30","160940968.50","23.25700","12.50000","183499925.00","0","1","2019-03-12 11:40:04","2019-03-12 11:40:04","adiadi"),
("39","2018/AA/020H/ND","17A01030005","2019-03-01","2019-04-30","8733583.63","23.25700","12.50000","9957763.00","0","1","2019-03-12 11:40:04","2019-03-12 11:40:04","adiadi"),
("40","2018/AA/020H/ND","18A01010001","2019-03-01","2019-04-30","23422216.46","21.51100","12.50000","26111225.00","0","0","2019-03-12 11:40:04","2019-03-12 11:40:58","adiadi"),
("41","2018/AA/020H/ND","18B01010001","2019-03-01","2019-04-30","9956080.55","24.91100","12.50000","11601660.00","0","1","2019-03-12 11:40:04","2019-03-12 11:40:04","adiadi"),
("42","2018/AA/020H/ND","19A14010001","2019-03-01","2019-04-30","11528377.09","25.81100","12.50000","13596800.00","0","1","2019-03-12 11:40:04","2019-03-12 11:40:04","adiadi"),
("43","2018/AA/020H/ND","20A01010001","2019-03-01","2019-04-30","3432714.40","23.25700","12.50000","3913875.00","0","1","2019-03-12 11:40:04","2019-03-12 11:40:04","adiadi"),
("44","2018/AA/020H/ND","22A02010002","2019-03-01","2019-04-30","18460534.29","21.51100","12.50000","20579913.00","0","1","2019-03-12 11:40:04","2019-03-12 11:40:04","adiadi"),
("45","2018/AA/020H/ND","27A01060006","2019-03-01","2019-04-30","8122041.72","21.51100","12.50000","9054500.00","0","1","2019-03-12 11:40:04","2019-03-12 11:40:04","adiadi"),
("46","2018/AA/020E","05A01010002","2019-03-01","2019-04-30","268532841.68","31.13400","21.00000","308048885.00","0","1","2019-03-12 11:40:04","2019-03-12 11:40:04","adiadi"),
("47","2018/AA/020E","13I01010002","2019-03-01","2019-04-30","244573341.53","31.13400","21.00000","280563616.00","0","1","2019-03-12 11:40:04","2019-03-12 11:40:04","adiadi"),
("48","2018/AA/020E","14B02010003","2019-03-01","2019-04-30","1528066638.67","32.99700","21.00000","1801669544.00","0","1","2019-03-12 11:40:04","2019-03-12 11:40:04","adiadi"),
("49","2018/AA/020E","14F01020002","2019-03-01","2019-04-30","4540031130.02","32.99700","21.00000","5352931351.00","0","1","2019-03-12 11:40:04","2019-03-12 11:40:04","adiadi"),
("50","2018/AA/020E","16C02030006","2019-03-01","2019-04-30","424391668.22","31.13400","21.00000","486843171.00","0","1","2019-03-12 11:40:04","2019-03-12 11:40:04","adiadi"),
("51","2018/AA/020E","16D02040005","2019-03-01","2019-04-30","1357406401.34","32.99700","21.00000","1600452304.00","0","1","2019-03-12 11:40:04","2019-03-12 11:40:04","adiadi"),
("52","2018/AA/020E","16F01010003","2019-03-01","2019-04-30","1282696521.69","32.99700","21.00000","1512365495.00","0","1","2019-03-12 11:40:04","2019-03-12 11:40:04","adiadi"),
("53","2018/AA/020E","16G01030001","2019-03-01","2019-04-30","86844335.49","31.13400","21.00000","99623944.00","0","1","2019-03-12 11:40:04","2019-03-12 11:40:04","adiadi"),
("54","2018/AA/020E","16H01040001","2019-03-01","2019-04-30","103668810.42","31.13400","21.00000","118924230.00","0","1","2019-03-12 11:40:04","2019-03-12 11:40:04","adiadi"),
("55","2018/AA/020E","16H02010001","2019-03-01","2019-04-30","188807668.52","31.13400","21.00000","216591726.00","0","1","2019-03-12 11:40:04","2019-03-12 11:40:04","adiadi"),
("56","2018/AA/020E","17A01030005","2019-03-01","2019-04-30","197772795.26","32.99700","21.00000","233184347.00","0","1","2019-03-12 11:40:04","2019-03-12 11:40:04","adiadi"),
("57","2018/AA/020E","18A01010001","2019-03-01","2019-04-30","2043631221.65","31.13400","21.00000","2344362479.00","0","1","2019-03-12 11:40:04","2019-03-12 11:40:04","adiadi"),
("58","2018/AA/020E","18B01010001","2019-03-01","2019-04-30","57381422.73","31.13400","21.00000","65825405.00","0","1","2019-03-12 11:40:04","2019-03-12 11:40:04","adiadi"),
("59","2018/AA/020E","19A14010001","2019-03-01","2019-04-30","16519472.66","31.13400","21.00000","18950402.00","0","1","2019-03-12 11:40:04","2019-03-12 11:40:04","adiadi"),
("60","2018/AA/020E","20A01010001","2019-03-01","2019-04-30","333439629.19","32.99700","21.00000","393142557.00","0","1","2019-03-12 11:40:04","2019-03-12 11:40:04","adiadi"),
("61","2018/AA/020E","22A02010002","2019-03-01","2019-04-30","1718455733.24","31.13400","21.00000","1971335680.00","0","1","2019-03-12 11:40:04","2019-03-12 11:40:04","adiadi"),
("62","2018/AA/020E","24A01010002","2019-03-01","2019-04-30","351940517.82","31.13400","21.00000","403730446.00","0","1","2019-03-12 11:40:04","2019-03-12 11:40:04","adiadi"),
("63","2018/AA/020E","25A01010002","2019-03-01","2019-04-30","174237397.73","31.13400","21.00000","199877362.00","0","1","2019-03-12 11:40:04","2019-03-12 11:40:04","adiadi"),
("64","2018/AA/020E","26A02020009","2019-03-01","2019-04-30","130121838.70","31.13400","21.00000","149269963.00","0","1","2019-03-12 11:40:04","2019-03-12 11:40:04","adiadi"),
("65","2018/AA/020E","27A01060009","2019-03-01","2019-04-30","390324205.58","31.13400","21.00000","447762499.00","0","1","2019-03-12 11:40:04","2019-03-12 11:40:04","adiadi"),
("66","2018/AA/020E","27A01060010","2019-03-01","2019-04-30","101847854.51","31.13400","21.00000","116835310.00","0","1","2019-03-12 11:40:04","2019-03-12 11:40:04","adiadi"),
("67","2018/AA/020E","27A02010011","2019-03-01","2019-04-30","225712433.04","31.13400","21.00000","258927224.00","0","1","2019-03-12 11:40:04","2019-03-12 11:40:04","adiadi"),
("68","2018/AA/020E","29A01020005","2019-03-01","2019-04-30","165382166.74","31.13400","21.00000","189719036.00","0","1","2019-03-12 11:40:04","2019-03-12 11:40:04","adiadi"),
("69","2018/AA/020E","32A04060259","2019-03-01","2019-04-30","151111478.00","31.13400","21.00000","173348340.00","0","1","2019-03-12 11:40:04","2019-03-12 11:40:04","adiadi"),
("70","2018/AA/020E","32A11040269","2019-03-01","2019-04-30","155045559.62","31.13400","21.00000","177861343.00","0","1","2019-03-12 11:40:04","2019-03-12 11:40:04","adiadi"),
("71","020B/AA/2018","02A01010001","2019-03-01","2019-04-30","0.00","0.00000","0.00000","0.00","44732","0","2019-03-12 11:40:04","2019-03-12 11:40:37","adiadi"),
("72","020B/AA/2018","02A02010003","2019-03-01","2019-04-30","0.00","0.00000","0.00000","0.00","5690","1","2019-03-12 11:40:04","2019-03-12 11:40:04","adiadi"),
("73","020B/AA/2018","03A01010002","2019-03-01","2019-04-30","0.00","0.00000","0.00000","0.00","27762","1","2019-03-12 11:40:04","2019-03-12 11:40:04","adiadi"),
("74","020B/AA/2018","08A01010002","2019-03-01","2019-04-30","0.00","0.00000","0.00000","0.00","55780","1","2019-03-12 11:40:04","2019-03-12 11:40:04","adiadi"),
("75","020B/AA/2018","13I01010002","2019-03-01","2019-04-30","0.00","0.00000","0.00000","0.00","236012","1","2019-03-12 11:40:04","2019-03-12 11:40:04","adiadi"),
("76","020B/AA/2018","14B02010003","2019-03-01","2019-04-30","0.00","0.00000","0.00000","0.00","153187","1","2019-03-12 11:40:04","2019-03-12 11:40:04","adiadi"),
("77","020B/AA/2018","14F01020002","2019-03-01","2019-04-30","0.00","0.00000","0.00000","0.00","230619","1","2019-03-12 11:40:04","2019-03-12 11:40:04","adiadi"),
("78","020B/AA/2018","16C02030006","2019-03-01","2019-04-30","0.00","0.00000","0.00000","0.00","98205","1","2019-03-12 11:40:04","2019-03-12 11:40:04","adiadi"),
("79","020B/AA/2018","16C02070012","2019-03-01","2019-04-30","0.00","0.00000","0.00000","0.00","30243","1","2019-03-12 11:40:04","2019-03-12 11:40:04","adiadi"),
("80","020B/AA/2018","16D02040005","2019-03-01","2019-04-30","0.00","0.00000","0.00000","0.00","68110","0","2019-03-12 11:40:04","2019-03-12 11:40:37","adiadi"),
("81","020B/AA/2018","16F01010003","2019-03-01","2019-04-30","0.00","0.00000","0.00000","0.00","212808","1","2019-03-12 11:40:04","2019-03-12 11:40:04","adiadi"),
("82","020B/AA/2018","16H02010001","2019-03-01","2019-04-30","0.00","0.00000","0.00000","0.00","1170","1","2019-03-12 11:40:04","2019-03-12 11:40:04","adiadi"),
("83","020B/AA/2018","17A01030005","2019-03-01","2019-04-30","0.00","0.00000","0.00000","0.00","116849","1","2019-03-12 11:40:04","2019-03-12 11:40:04","adiadi"),
("84","020B/AA/2018","18A01010001","2019-03-01","2019-04-30","0.00","0.00000","0.00000","0.00","363146","1","2019-03-12 11:40:04","2019-03-12 11:40:04","adiadi"),
("85","020B/AA/2018","18B01010001","2019-03-01","2019-04-30","0.00","0.00000","0.00000","0.00","100656","1","2019-03-12 11:40:04","2019-03-12 11:40:04","adiadi"),
("86","020B/AA/2018","19A14010001","2019-03-01","2019-04-30","0.00","0.00000","0.00000","0.00","21730","1","2019-03-12 11:40:04","2019-03-12 11:40:04","adiadi"),
("87","020B/AA/2018","20A01010001","2019-03-01","2019-04-30","0.00","0.00000","0.00000","0.00","94346","1","2019-03-12 11:40:04","2019-03-12 11:40:04","adiadi"),
("88","020B/AA/2018","22A02010002","2019-03-01","2019-04-30","0.00","0.00000","0.00000","0.00","122599","1","2019-03-12 11:40:04","2019-03-12 11:40:04","adiadi"),
("89","020B/AA/2018","23A01010002","2019-03-01","2019-04-30","0.00","0.00000","0.00000","0.00","14610","1","2019-03-12 11:40:04","2019-03-12 11:40:04","adiadi"),
("90","020B/AA/2018","24A01010003","2019-03-01","2019-04-30","0.00","0.00000","0.00000","0.00","2277","1","2019-03-12 11:40:04","2019-03-12 11:40:04","adiadi"),
("91","020B/AA/2018","26A02020008","2019-03-01","2019-04-30","0.00","0.00000","0.00000","0.00","161124","1","2019-03-12 11:40:04","2019-03-12 11:40:04","adiadi"),
("92","020B/AA/2018","27A01060006","2019-03-01","2019-04-30","0.00","0.00000","0.00000","0.00","140176","1","2019-03-12 11:40:04","2019-03-12 11:40:04","adiadi"),
("93","020B/AA/2018","27A01080008","2019-03-01","2019-04-30","0.00","0.00000","0.00000","0.00","139895","1","2019-03-12 11:40:04","2019-03-12 11:40:04","adiadi"),
("94","2018/AA/020H/ND","13I01010002","2019-03-01","2019-04-30","3510838.00","23.25700","12.50000","4002949.00","0","1","2019-03-12 11:41:18","2019-03-12 11:41:18","adiadi"),
("95","2018/AA/020H/ND","14B02010003","2019-03-01","2019-04-30","19750655.23","23.25700","12.50000","22519088.00","0","1","2019-03-12 11:41:18","2019-03-12 11:41:18","adiadi"),
("96","2018/AA/020H/ND","18A01010001","2019-03-01","2019-04-30","23422216.46","21.51100","12.50000","26111225.00","0","1","2019-03-12 11:41:18","2019-03-12 11:41:18","adiadi"),
("97","020B/AA/2018","02A01010001","2019-03-01","2019-04-30","0.00","0.00000","0.00000","0.00","44732","1","2019-03-12 11:41:18","2019-03-12 11:41:18","adiadi"),
("98","020B/AA/2018","16D02040005","2019-03-01","2019-04-30","0.00","0.00000","0.00000","0.00","68110","1","2019-03-12 11:41:18","2019-03-12 11:41:18","adiadi");




CREATE TABLE `media_library` (
  `id` int(11) unsigned NOT NULL AUTO_INCREMENT,
  `name` varchar(200) DEFAULT NULL,
  `type` varchar(10) DEFAULT NULL,
  `url` varchar(300) DEFAULT NULL,
  `size` varchar(10) DEFAULT NULL,
  `user_created` int(11) DEFAULT NULL,
  `created_at` timestamp NULL DEFAULT NULL,
  `updated_at` timestamp NULL DEFAULT NULL,
  PRIMARY KEY (`id`)
) ENGINE=MyISAM DEFAULT CHARSET=latin1;


INSERT INTO media_library VALUES
("0","noprofileimage","png","img/noprofileimage.png","1159","1","2017-05-30 02:56:03","2017-05-30 02:56:03");




CREATE TABLE `modules` (
  `id` int(11) NOT NULL AUTO_INCREMENT,
  `name` varchar(100) DEFAULT NULL,
  `slug` varchar(20) DEFAULT NULL,
  `active` int(1) DEFAULT NULL,
  `user_modified` int(11) DEFAULT NULL,
  `created_at` timestamp NULL DEFAULT NULL,
  `updated_at` timestamp NULL DEFAULT NULL,
  PRIMARY KEY (`id`)
) ENGINE=MyISAM AUTO_INCREMENT=4 DEFAULT CHARSET=latin1;


INSERT INTO modules VALUES
("1","Master User Level","users-level","1","1","2017-10-17 14:07:07","2017-10-17 14:43:43"),
("2","Master User","users-user","1","1","2017-10-17 14:16:51","2017-10-17 14:49:30"),
("3","Media Library","media-library","1","1","2017-10-17 14:19:28","2018-06-03 12:40:18");




CREATE TABLE `redeem_detail` (
  `id` int(11) NOT NULL AUTO_INCREMENT,
  `kode_customer` varchar(30) DEFAULT NULL,
  `id_campaign` int(11) DEFAULT NULL,
  `id_campaign_hadiah` int(11) DEFAULT NULL,
  `jumlah` int(11) DEFAULT NULL,
  `created_at` timestamp NULL DEFAULT NULL,
  `updated_at` timestamp NULL DEFAULT NULL,
  PRIMARY KEY (`id`)
) ENGINE=MyISAM DEFAULT CHARSET=latin1;






CREATE TABLE `redeem_emas` (
  `id` int(11) NOT NULL AUTO_INCREMENT,
  `kode_customer` varchar(30) DEFAULT NULL,
  `id_campaign` int(11) DEFAULT NULL,
  `id_campaign_emas` int(11) DEFAULT NULL,
  `jumlah` int(11) DEFAULT NULL,
  `created_at` timestamp NULL DEFAULT NULL,
  `updated_at` timestamp NULL DEFAULT NULL,
  PRIMARY KEY (`id`)
) ENGINE=MyISAM DEFAULT CHARSET=latin1;






CREATE TABLE `settings` (
  `id` int(11) NOT NULL AUTO_INCREMENT,
  `name` varchar(45) DEFAULT NULL,
  `value` text,
  `user_modified` varchar(30) DEFAULT NULL,
  `created_at` timestamp NULL DEFAULT NULL,
  `updated_at` timestamp NULL DEFAULT NULL,
  PRIMARY KEY (`id`)
) ENGINE=MyISAM AUTO_INCREMENT=9 DEFAULT CHARSET=latin1;


INSERT INTO settings VALUES
("1","web_title","AVIA Redeem","superadm","2017-06-13 07:27:16","2019-01-17 08:36:21"),
("2","logo","img/logo.png","1","2017-06-13 07:27:16","2018-06-03 12:58:24"),
("3","email_admin","admin@admin.com","superadm","2017-06-13 07:27:16","2019-01-17 08:35:33"),
("4","web_description","","superadm","2017-07-24 06:56:28","2019-01-17 08:35:33");




CREATE TABLE `tto_last` (
  `id` int(11) NOT NULL AUTO_INCREMENT,
  `no_tto` varchar(50) DEFAULT NULL,
  `created_at` timestamp NULL DEFAULT NULL,
  `updated_at` timestamp NULL DEFAULT NULL,
  PRIMARY KEY (`id`)
) ENGINE=MyISAM DEFAULT CHARSET=latin1;






CREATE TABLE `user_levels` (
  `id` int(11) unsigned NOT NULL AUTO_INCREMENT,
  `name` varchar(30) NOT NULL,
  `active` int(1) DEFAULT NULL,
  `user_modified` int(11) DEFAULT NULL,
  `created_at` timestamp NOT NULL DEFAULT CURRENT_TIMESTAMP ON UPDATE CURRENT_TIMESTAMP,
  `updated_at` timestamp NOT NULL DEFAULT '0000-00-00 00:00:00',
  PRIMARY KEY (`id`)
) ENGINE=MyISAM AUTO_INCREMENT=4 DEFAULT CHARSET=latin1;


INSERT INTO user_levels VALUES
("1","Super Admin","1","1","2017-06-28 13:18:17","2017-06-28 13:18:17"),
("2","Admin","1","1","2018-06-02 22:59:51","2018-06-02 22:59:51"),
("3","User","1","1","2018-06-03 11:19:49","2018-06-03 11:19:49");




CREATE TABLE `users` (
  `id` int(11) unsigned NOT NULL AUTO_INCREMENT,
  `user_level_id` int(11) NOT NULL,
  `firstname` varchar(50) NOT NULL,
  `lastname` varchar(50) NOT NULL,
  `avatar_id` int(11) DEFAULT NULL,
  `email` varchar(100) NOT NULL,
  `address` text,
  `phone` text,
  `gender` enum('male','female','other') DEFAULT NULL,
  `birthdate` date DEFAULT NULL,
  `username` varchar(20) NOT NULL,
  `password` varchar(255) NOT NULL,
  `active` int(1) NOT NULL,
  `user_modified` int(11) DEFAULT NULL,
  `last_activity` timestamp NOT NULL DEFAULT CURRENT_TIMESTAMP ON UPDATE CURRENT_TIMESTAMP,
  `created_at` timestamp NOT NULL DEFAULT '0000-00-00 00:00:00',
  `updated_at` timestamp NOT NULL DEFAULT '0000-00-00 00:00:00',
  PRIMARY KEY (`id`)
) ENGINE=MyISAM AUTO_INCREMENT=3 DEFAULT CHARSET=latin1;


INSERT INTO users VALUES
("1","1","Super","Admin","0","superadmin@admin.com","Jl Madura xxxxxxx","08383xxxxxxx","male","1986-07-25","superadmin","$2y$10$TkX/dDYrtvIEXidPOag5T.V8qbyluUHJg5ssBjKe6WlVqpItuN8uy","1","1","2019-01-03 10:54:50","2017-03-14 03:51:35","2019-01-03 10:54:50"),
("2","2","Admin","Admin","0","admin@admin.com","","","male","","admin","$2y$10$PQaUY4b0YsSo5qAuK8Cc.OB.WeEJHrJJ0FDgk6YE9xhXboVRou3We","1","1","2019-01-02 10:17:02","2017-04-19 21:29:01","2019-01-02 10:17:02");




/*!40101 SET CHARACTER_SET_CLIENT=@OLD_CHARACTER_SET_CLIENT */;
/*!40101 SET CHARACTER_SET_RESULTS=@OLD_CHARACTER_SET_RESULTS */;
/*!40101 SET COLLATION_CONNECTION=@OLD_COLLATION_CONNECTION */;